75B,2016-05-02,2016-05-05,mobl,1522,211,0.41310000000000,611.33888888,USD
E68,2016-05-02,2016-05-05,6272483,1617,62114,1.32850000000000,577641.46222222,PHP
D95,2016-05-02,2016-05-05,225470FG3,1617,24829,8.44440000000000,14676.97333333,USD
E0C,2016-05-02,2016-05-05,61749LAP6,1617,724,8.96530000000000,454.88222222,USD
75E,2016-05-02,2016-05-05,02660TBP7,1617,14075,11.02780000000000,10865.41222222,USD
A54,2016-05-02,2016-05-05,achc,1618,5004,6.85510000000000,240133.37444444,USD
46D,2016-05-02,2016-05-05,bcc,1618,5357,2.33110000000000,87416.66666666,USD
152,2016-05-02,2016-05-05,cpe,1618,26963,1.17730000000000,222212.50555555,USD
C82,2016-05-02,2016-05-05,mtsi,1618,1428,4.50560000000000,45055.55555555,USD
1F4,2016-05-02,2016-05-05,kfrc,1618,8,2.09560000000000,129.92444444,USD
48F,2016-05-02,2016-05-05,saia,1618,71,3.19360000000000,1596.77777777,USD
71A,2016-05-02,2016-05-05,pfpt,1618,7128,6.48440000000000,323573.77777777,USD
2B3,2016-05-02,2016-05-05,wix,1618,1600,2.71590000000000,30431.41000000,USD
C18,2016-05-02,2016-05-05,nbhc,1618,71,2.21040000000000,1105.22222222,USD
3A7,2016-05-02,2016-05-05,xent,1618,2065,2.22290000000000,32136.78666666,USD
9BC,2016-05-02,2016-05-05,wen,1618,1447,1.22930000000000,12451.13000000,USD
07B,2016-05-02,2016-05-05,eght,1618,5420,1.26360000000000,47949.40888888,USD
DD6,2016-05-02,2016-05-05,five,1618,2033,4.61600000000000,65695.07000000,USD
DFE,2016-05-02,2016-05-05,zltq,1618,514,3.32080000000000,11958.20111111,USD
AB8,2016-05-02,2016-05-05,mtdr,1618,5589,2.39500000000000,93710.46888888,USD
9F7,2016-05-02,2016-05-05,dfrg,1618,8764,1.79020000000000,109829.62333333,USD
746,2016-05-02,2016-05-05,amc,1618,43,3.08930000000000,929.86555555,USD
F9F,2016-05-02,2016-05-05,wage,1618,49,6.03980000000000,2101.84222222,USD
8F7,2016-05-02,2016-05-05,gimo,1618,585,3.70110000000000,15174.55555555,USD
DC3,2016-05-02,2016-05-05,mycc,1618,3628,1.48720000000000,37775.44444444,USD
8D0,2016-05-02,2016-05-05,smtc,1618,1256,2.41560000000000,21249.83777777,USD
97E,2016-05-02,2016-05-05,apic,1618,39,1.06520000000000,291.86444444,USD
84E,2016-05-02,2016-05-05,crl,1618,2663,8.82420000000000,164544.85777777,USD
A71,2016-05-02,2016-05-05,sss,1618,2079,11.98220000000000,174400.92111111,USD
D9E,2016-05-02,2016-05-05,ten,1618,3225,5.89420000000000,133061.31444444,USD
AED,2016-05-02,2016-05-05,eme,1618,267,5.33850000000000,10009.62555555,USD
B9B,2016-05-02,2016-05-05,sncr,1618,3128,3.49350000000000,76510.41333333,USD
CED,2016-05-02,2016-05-05,plce,1618,1386,8.58250000000000,83318.80222222,USD
5E2,2016-05-02,2016-05-05,wbs,1618,4031,4.09660000000000,115619.59666666,USD
F8E,2016-05-02,2016-05-05,cien,1618,20262,1.86550000000000,264596.21555555,USD
8A9,2016-05-02,2016-05-05,ktwo,1618,301,1.75020000000000,3692.96888888,USD
8DA,2016-05-02,2016-05-05,lope,1618,2718,4.90090000000000,93274.56333333,USD
94B,2016-05-02,2016-05-05,colb,1618,14,3.27760000000000,340.86666666,USD
BF8,2016-05-02,2016-05-05,exas,1618,8803,0.77380000000000,47683.10333333,USD
1BE,2016-05-02,2016-05-05,cuz,1618,12011,1.16790000000000,98195.86444444,USD
805,2016-05-02,2016-05-05,sum,1618,5306,2.37120000000000,88086.98888888,USD
E91,2016-05-02,2016-05-05,ncs,1618,67,1.64640000000000,773.78666666,USD
E5F,2016-05-02,2016-05-05,bgs,1618,4609,4.65110000000000,150064.52444444,USD
5C0,2016-05-02,2016-05-05,dxcm,1618,5497,7.19420000000000,276848.06000000,USD
436,2016-05-02,2016-05-05,saas,1618,4414,1.04220000000000,32204.66666666,USD
DCA,2016-05-02,2016-05-05,mcrb,1618,655,3.20840000000000,14710.71777777,USD
6FC,2016-05-02,2016-05-05,cybr,1618,315,4.56520000000000,10079.88777777,USD
59D,2016-05-02,2016-05-05,oled,1618,5647,6.49840000000000,256913.80444444,USD
DB8,2016-05-02,2016-05-05,fn,1618,228,3.52090000000000,5633.49333333,USD
BD3,2016-05-02,2016-05-05,ens,1618,0,6.40420000000000,32.02111111,USD
D22,2016-05-02,2016-05-05,amsg,1618,724,8.95370000000000,45403.98777777,USD
AF9,2016-05-02,2016-05-05,lgnd,1618,91,13.45600000000000,8611.81111111,USD
C39,2016-05-02,2016-05-05,bku,1618,28,3.80860000000000,761.72222222,USD
813,2016-05-02,2016-05-05,wwd,1618,305,6.07900000000000,12978.57000000,USD
551,2016-05-02,2016-05-05,df,1618,358,1.92420000000000,4831.63777777,USD
DF8,2016-05-02,2016-05-05,buff,1618,914,2.75020000000000,17601.13777777,USD
265,2016-05-02,2016-05-05,olli,1618,3818,2.78670000000000,74488.49111111,USD
722,2016-05-02,2016-05-05,lite,1618,2300,2.83390000000000,45626.32666666,USD
D14,2016-05-02,2016-05-05,ydkn,1618,14,2.77610000000000,283.15777777,USD
A07,2016-05-02,2016-05-05,imax,1618,982,3.55810000000000,24472.30666666,USD
F8B,2016-05-02,2016-05-05,save,1618,11202,4.88740000000000,383243.72888888,USD
B43,2016-05-02,2016-05-05,plki,1618,800,6.03080000000000,33778.32444444,USD
04E,2016-05-02,2016-05-05,cald,1618,12125,2.02530000000000,171904.49555555,USD
C51,2016-05-02,2016-05-05,opht,1618,2106,5.17110000000000,76258.21222222,USD
84C,2016-05-02,2016-05-05,chuy,1618,2067,3.42630000000000,49588.51777777,USD
4BB,2016-05-02,2016-05-05,wwav,1618,4487,4.53760000000000,142535.78888888,USD
3C8,2016-05-02,2016-05-05,bel,1618,471,1.03230000000000,3406.44333333,USD
28D,2016-05-02,2016-05-05,baby,1618,28,3.57920000000000,715.83333333,USD
C36,2016-05-02,2016-05-05,boja,1618,1428,1.96440000000000,19644.44444444,USD
6BC,2016-05-02,2016-05-05,rare,1618,1828,7.46550000000000,95543.18444444,USD
276,2016-05-02,2016-05-05,geo,1618,2692,3.57960000000000,67471.46111111,USD
54A,2016-05-02,2016-05-05,adpt,1618,277,7.50060000000000,14551.09888888,USD
C67,2016-05-02,2016-05-05,dwre,1618,714,5.20670000000000,26033.33333333,USD
8DF,2016-05-02,2016-05-05,nuva,1618,4945,5.84750000000000,202440.06555555,USD
8F5,2016-05-02,2016-05-05,rspp,1618,16088,3.35550000000000,377884.23888888,USD
8CA,2016-05-02,2016-05-05,enta,1618,17,3.20220000000000,381.06444444,USD
573,2016-05-02,2016-05-05,ngvc,1618,146,1.48270000000000,1515.36444444,USD
292,2016-05-02,2016-05-05,qlys,1618,3311,2.82160000000000,65408.54000000,USD
2CC,2016-05-02,2016-05-05,xlrn,1618,1758,3.26320000000000,40163.60222222,USD
A96,2016-05-02,2016-05-05,zg,1618,2332,2.75160000000000,44930.33222222,USD
A9E,2016-05-02,2016-05-05,geos,1618,411,1.81060000000000,5216.30666666,USD
A13,2016-05-02,2016-05-05,hxl,1618,3918,5.01010000000000,137428.26222222,USD
997,2016-05-02,2016-05-05,tumi,1618,1630,2.97290000000000,33938.75333333,USD
638,2016-05-02,2016-05-05,sf,1618,2317,3.64320000000000,59093.24444444,USD
AC3,2016-05-02,2016-05-05,gco,1618,446,7.71850000000000,24097.26111111,USD
762,2016-05-02,2016-05-05,airm,1618,246,4.10090000000000,7061.69222222,USD
F28,2016-05-02,2016-05-05,impv,1618,83,5.21070000000000,3053.49666666,USD
D45,2016-05-02,2016-05-05,bfam,1618,214,7.28830000000000,10932.45000000,USD
F93,2016-05-02,2016-05-05,prlb,1618,1407,6.67030000000000,65735.58777777,USD
582,2016-05-02,2016-05-05,gwre,1618,950,6.32760000000000,42078.39222222,USD
902,2016-05-02,2016-05-05,hmsy,1618,1607,1.82210000000000,20500.32222222,USD
C14,2016-05-02,2016-05-05,prxl,1618,137,6.81460000000000,6535.20111111,USD
A56,2016-05-02,2016-05-05,sgry,1618,14,1.80330000000000,180.33333333,USD
02C,2016-05-02,2016-05-05,eqy,1618,2315,3.19780000000000,51820.52888888,USD
FEB,2016-05-02,2016-05-05,umbf,1618,915,6.18960000000000,39650.79111111,USD
07C,2016-05-02,2016-05-05,lstr,1618,1049,7.30800000000000,53677.58666666,USD
E3A,2016-05-02,2016-05-05,ptc,1618,819,4.05000000000000,23218.52222222,USD
819,2016-05-02,2016-05-05,cohr,1618,714,10.32330000000000,51616.66666666,USD
7CA,2016-05-02,2016-05-05,shoo,1618,2769,3.88760000000000,75369.11666666,USD
1B1,2016-05-02,2016-05-05,logm,1618,1798,6.61940000000000,83318.94777777,USD
8D1,2016-05-02,2016-05-05,pool,1618,300,9.78780000000000,20554.38000000,USD
FDD,2016-05-02,2016-05-05,kwr,1618,14,9.73900000000000,993.37555555,USD
5CC,2016-05-02,2016-05-05,hw,1618,2715,2.19610000000000,41738.86555555,USD
4E5,2016-05-02,2016-05-05,csod,1618,3295,3.80670000000000,87804.31666666,USD
0B6,2016-05-02,2016-05-05,bid,1618,1731,3.02240000000000,36625.98222222,USD
0F9,2016-05-02,2016-05-05,wst,1618,1269,7.94900000000000,70611.06555555,USD
E28,2016-05-02,2016-05-05,veco,1618,192,2.04920000000000,2756.11444444,USD
38E,2016-05-02,2016-05-05,wbc,1618,1601,12.46220000000000,139738.27444444,USD
624,2016-05-02,2016-05-05,al,1618,1714,3.41850000000000,41029.37000000,USD
F07,2016-05-02,2016-05-05,jblu,1618,24388,2.20950000000000,377209.63333333,USD
D98,2016-05-02,2016-05-05,cube,1618,1307,3.33140000000000,30482.61555555,USD
6E0,2016-05-02,2016-05-05,esgr,1618,189,17.71410000000000,23435.76888888,USD
893,2016-05-02,2016-05-05,evri,1618,1759,0.18820000000000,2317.32333333,USD
2FA,2016-05-02,2016-05-05,acor,1618,2621,2.91750000000000,53536.53333333,USD
D36,2016-05-02,2016-05-05,cavm,1618,325,5.46610000000000,12468.20000000,USD
262,2016-05-02,2016-05-05,tmh,1618,770,4.63320000000000,24991.60111111,USD
51B,2016-05-02,2016-05-05,cgnx,1618,2072,3.95540000000000,57388.57666666,USD
02C,2016-05-02,2016-05-05,pgti,1618,93,1.16660000000000,765.28222222,USD
D28,2016-05-02,2016-05-05,door,1618,1276,7.41960000000000,66316.38444444,USD
1D8,2016-05-02,2016-05-05,pcty,1618,2857,4.25400000000000,85080.88888888,USD
0FF,2016-05-02,2016-05-05,mtg,1618,33198,0.79580000000000,184941.12666666,USD
0F6,2016-05-02,2016-05-05,wcn,1618,943,7.49840000000000,49511.78888888,USD
440,2016-05-02,2016-05-05,lnce,1618,893,3.61530000000000,22602.71666666,USD
133,2016-05-02,2016-05-05,vsi,1618,4755,3.10190000000000,103245.63222222,USD
98C,2016-05-02,2016-05-05,edge,1618,2784,0.93500000000000,18224.95111111,USD
D77,2016-05-02,2016-05-05,srg,1618,912,6.00090000000000,38309.81666666,USD
7BC,2016-05-02,2016-05-05,penn,1618,3657,1.82330000000000,46677.33333333,USD
A84,2016-05-02,2016-05-05,azpn,1618,1831,4.25840000000000,54601.34777777,USD
9B3,2016-05-02,2016-05-05,snv,1618,2649,3.47260000000000,64409.57888888,USD
9F2,2016-05-02,2016-05-05,aimt,1618,28,1.42330000000000,284.66666666,USD
6B0,2016-05-02,2016-05-05,pbh,1618,3667,6.35580000000000,163160.88222222,USD
F6D,2016-05-02,2016-05-05,hls,1618,3571,4.61410000000000,115353.33333333,USD
27A,2016-05-02,2016-05-05,mtn,1618,739,14.50790000000000,75092.66000000,USD
CE5,2016-05-02,2016-05-05,hsni,1618,1194,5.86710000000000,49060.87555555,USD
31E,2016-05-02,2016-05-05,atra,1618,1861,2.02700000000000,26411.52000000,USD
151,2016-05-02,2016-05-05,ipgp,1618,1126,9.61950000000000,75821.24888888,USD
22D,2016-05-02,2016-05-05,fig,1618,2152,0.55790000000000,8404.54000000,USD
473,2016-05-02,2016-05-05,akba,1618,361,1.04580000000000,2646.97555555,USD
472,2016-05-02,2016-05-05,manh,1618,482,6.80840000000000,22998.85000000,USD
E77,2016-05-02,2016-05-05,aldr,1618,2264,2.89560000000000,45907.19444444,USD
902,2016-05-02,2016-05-05,nvax,1618,24177,0.57580000000000,97455.91333333,USD
B6C,2016-05-02,2016-05-05,gtls,1618,2471,2.85580000000000,49411.62888888,USD
BA9,2016-05-02,2016-05-05,mdco,1618,4410,3.92070000000000,121030.98000000,USD
2E1,2016-05-02,2016-05-05,apog,1618,161,4.59660000000000,5203.30111111,USD
86B,2016-05-02,2016-05-05,nbix,1618,5373,5.06280000000000,190425.84222222,USD
301,2016-05-02,2016-05-05,ste,1618,1101,7.87210000000000,60693.80555555,USD
AAE,2016-05-02,2016-05-05,fnsr,1618,5778,1.81070000000000,73244.16333333,USD
370,2016-05-02,2016-05-05,prah,1618,817,5.35870000000000,30656.93222222,USD
16D,2016-05-02,2016-05-05,ftnt,1618,4984,3.62700000000000,126539.93888888,USD
F34,2016-05-02,2016-05-05,dlth,1618,262,2.66960000000000,4906.74555555,USD
01E,2016-05-02,2016-05-05,jbt,1618,3203,5.72110000000000,128301.38888888,USD
ECF,2016-05-02,2016-05-05,abco,1618,343,3.49940000000000,8412.63777777,USD
942,2016-05-02,2016-05-05,crl,1618,8057,8.82940000000000,497977.53333333,USD
6D6,2016-05-02,2016-05-05,bcc,1618,537,2.40250000000000,9035.63555555,USD
B42,2016-05-02,2016-05-05,bcc,1618,3388,2.43200000000000,57678.36555555,USD
727,2016-05-02,2016-05-05,bcc,1618,2032,2.48690000000000,35389.06111111,USD
CCF,2016-05-02,2016-05-05,mtsi,1618,689,4.51690000000000,21812.21777777,USD
F22,2016-05-02,2016-05-05,mtsi,1618,385,4.54860000000000,12281.34000000,USD
4FB,2016-05-02,2016-05-05,kfrc,1618,2702,2.11500000000000,40012.84444444,USD
811,2016-05-02,2016-05-05,saia,1618,57,3.19000000000000,1276.00000000,USD
496,2016-05-02,2016-05-05,saia,1618,931,3.19920000000000,20855.73000000,USD
95F,2016-05-02,2016-05-05,pfpt,1618,2725,6.45540000000000,123156.75666666,USD
041,2016-05-02,2016-05-05,pfpt,1618,28,6.44670000000000,1289.33333333,USD
E04,2016-05-02,2016-05-05,pfpt,1618,692,6.55800000000000,31806.35444444,USD
F9B,2016-05-02,2016-05-05,wix,1618,2457,2.69820000000000,46406.34222222,USD
819,2016-05-02,2016-05-05,nbhc,1618,2385,2.22200000000000,37107.95666666,USD
128,2016-05-02,2016-05-05,nbhc,1618,4485,2.22790000000000,69956.40888888,USD
B0C,2016-05-02,2016-05-05,nbhc,1618,85,2.22880000000000,1337.28000000,USD
2F9,2016-05-02,2016-05-05,xent,1618,242,2.23180000000000,3794.00333333,USD
7A0,2016-05-02,2016-05-05,wen,1618,171,1.23670000000000,1484.00000000,USD
E74,2016-05-02,2016-05-05,wen,1618,2879,1.25610000000000,25320.24000000,USD
87E,2016-05-02,2016-05-05,eght,1618,657,1.30660000000000,6010.46222222,USD
A5A,2016-05-02,2016-05-05,five,1618,100,4.60170000000000,3221.22111111,USD
AA3,2016-05-02,2016-05-05,five,1618,1131,4.63080000000000,36671.65666666,USD
348,2016-05-02,2016-05-05,zltq,1618,186,3.38510000000000,4420.89666666,USD
242,2016-05-02,2016-05-05,dfrg,1618,3500,1.78930000000000,43836.76111111,USD
8FC,2016-05-02,2016-05-05,dfrg,1618,2274,1.80100000000000,28676.61555555,USD
C60,2016-05-02,2016-05-05,amc,1618,190,3.13010000000000,4178.68333333,USD
DDE,2016-05-02,2016-05-05,amc,1618,42,3.18000000000000,954.00000000,USD
C0F,2016-05-02,2016-05-05,amc,1618,1763,3.22280000000000,39772.98666666,USD
967,2016-05-02,2016-05-05,wage,1618,60,6.02890000000000,2532.13333333,USD
A4E,2016-05-02,2016-05-05,wage,1618,452,6.07990000000000,19261.12333333,USD
DB5,2016-05-02,2016-05-05,gimo,1618,6124,3.57550000000000,153290.74111111,USD
54F,2016-05-02,2016-05-05,gimo,1618,3751,3.52880000000000,92674.22111111,USD
093,2016-05-02,2016-05-05,gimo,1618,3658,3.51650000000000,90053.47888888,USD
32B,2016-05-02,2016-05-05,mycc,1618,52,1.51330000000000,556.88222222,USD
FA1,2016-05-02,2016-05-05,mycc,1618,6327,1.49970000000000,66424.24333333,USD
7FB,2016-05-02,2016-05-05,mycc,1618,685,1.49390000000000,7170.50666666,USD
EB4,2016-05-02,2016-05-05,apic,1618,8464,1.07940000000000,63957.08333333,USD
5C2,2016-05-02,2016-05-05,crl,1618,7991,8.83560000000000,494260.97777777,USD
2A0,2016-05-02,2016-05-05,ten,1618,1018,5.85770000000000,41771.41666666,USD
FAD,2016-05-02,2016-05-05,ten,1618,600,5.90740000000000,24811.12666666,USD
C91,2016-05-02,2016-05-05,eme,1618,214,5.31900000000000,7978.50000000,USD
C5F,2016-05-02,2016-05-05,eme,1618,555,5.34550000000000,20783.17444444,USD
183,2016-05-02,2016-05-05,sncr,1618,3245,3.50510000000000,79621.34666666,USD
39F,2016-05-02,2016-05-05,sncr,1618,1408,3.54280000000000,34921.16111111,USD
4C1,2016-05-02,2016-05-05,ktwo,1618,1471,1.75130000000000,18038.16111111,USD
8C8,2016-05-02,2016-05-05,lope,1618,3905,4.89940000000000,133929.99888888,USD
3C8,2016-05-02,2016-05-05,lope,1618,861,4.88930000000000,29496.87888888,USD
76E,2016-05-02,2016-05-05,colb,1618,2393,3.31280000000000,55506.15000000,USD
2F1,2016-05-02,2016-05-05,colb,1618,2014,3.32990000000000,46951.12000000,USD
C63,2016-05-02,2016-05-05,colb,1618,4570,3.32470000000000,106376.74555555,USD
4A9,2016-05-02,2016-05-05,ncs,1618,1008,1.64340000000000,11597.47333333,USD
C01,2016-05-02,2016-05-05,ncs,1618,400,1.63920000000000,4589.66666666,USD
490,2016-05-02,2016-05-05,saas,1618,929,1.03360000000000,6724.60111111,USD
F59,2016-05-02,2016-05-05,saas,1618,28,1.03890000000000,207.77777777,USD
D10,2016-05-02,2016-05-05,saas,1618,1500,1.07600000000000,11298.11666666,USD
6F1,2016-05-02,2016-05-05,mcrb,1618,185,3.19840000000000,4157.94888888,USD
881,2016-05-02,2016-05-05,mcrb,1618,71,3.29140000000000,1645.72222222,USD
54C,2016-05-02,2016-05-05,cybr,1618,771,4.60530000000000,24868.80000000,USD
BED,2016-05-02,2016-05-05,cybr,1618,1301,4.68680000000000,42682.38444444,USD
573,2016-05-02,2016-05-05,fn,1618,300,3.55650000000000,7468.60333333,USD
EE3,2016-05-02,2016-05-05,fn,1618,603,3.56800000000000,15074.65888888,USD
055,2016-05-02,2016-05-05,ens,1618,357,6.49140000000000,16228.61111111,USD
BEE,2016-05-02,2016-05-05,ens,1618,6996,6.47820000000000,317248.23333333,USD
E38,2016-05-02,2016-05-05,ens,1618,163,6.47010000000000,7408.30222222,USD
0E5,2016-05-02,2016-05-05,amsg,1618,214,8.96510000000000,13447.61666666,USD
E3A,2016-05-02,2016-05-05,amsg,1618,1978,9.13590000000000,126541.50444444,USD
3AD,2016-05-02,2016-05-05,lgnd,1618,755,13.65160000000000,72162.29888888,USD
AC7,2016-05-02,2016-05-05,bku,1618,1025,3.85760000000000,27693.79000000,USD
6A8,2016-05-02,2016-05-05,bku,1618,6354,3.85310000000000,171391.22333333,USD
D79,2016-05-02,2016-05-05,df,1618,71,1.93000000000000,965.00000000,USD
387,2016-05-02,2016-05-05,df,1618,2594,1.94030000000000,35241.06333333,USD
0C8,2016-05-02,2016-05-05,buff,1618,2571,2.75200000000000,49535.40000000,USD
31A,2016-05-02,2016-05-05,buff,1618,2132,2.76370000000000,41262.37333333,USD
032,2016-05-02,2016-05-05,olli,1618,742,2.86270000000000,14885.98222222,USD
B9A,2016-05-02,2016-05-05,lite,1618,9348,2.83780000000000,185697.18888888,USD
60A,2016-05-02,2016-05-05,lite,1618,1266,2.83490000000000,25128.16000000,USD
931,2016-05-02,2016-05-05,ydkn,1618,282,2.79960000000000,5529.27555555,USD
0EB,2016-05-02,2016-05-05,ydkn,1618,6360,2.81060000000000,125135.51222222,USD
F47,2016-05-02,2016-05-05,ydkn,1618,514,2.79400000000000,10058.56000000,USD
88F,2016-05-02,2016-05-05,imax,1618,157,3.62520000000000,3987.67111111,USD
FD9,2016-05-02,2016-05-05,plki,1618,1637,6.03160000000000,69152.29444444,USD
718,2016-05-02,2016-05-05,plki,1618,285,6.03930000000000,12066.49888888,USD
47C,2016-05-02,2016-05-05,cald,1618,3742,2.01620000000000,52824.73111111,USD
BED,2016-05-02,2016-05-05,cald,1618,3088,2.02290000000000,43733.55555555,USD
456,2016-05-02,2016-05-05,opht,1618,715,5.07920000000000,25426.30888888,USD
A13,2016-05-02,2016-05-05,opht,1618,385,5.17010000000000,13959.27000000,USD
07E,2016-05-02,2016-05-05,bel,1618,8228,1.03910000000000,59848.56111111,USD
BEE,2016-05-02,2016-05-05,baby,1618,1184,3.50870000000000,29086.93888888,USD
E78,2016-05-02,2016-05-05,baby,1618,314,3.54750000000000,7804.45111111,USD
F30,2016-05-02,2016-05-05,boja,1618,447,1.97570000000000,6183.87111111,USD
B55,2016-05-02,2016-05-05,boja,1618,957,1.97670000000000,13251.57333333,USD
5E0,2016-05-02,2016-05-05,geo,1618,28,3.56420000000000,712.83333333,USD
73D,2016-05-02,2016-05-05,geo,1618,704,3.56410000000000,17563.66555555,USD
850,2016-05-02,2016-05-05,adpt,1618,716,7.27430000000000,36494.99555555,USD
F2B,2016-05-02,2016-05-05,dwre,1618,1684,5.14640000000000,60681.46444444,USD
B59,2016-05-02,2016-05-05,dwre,1618,500,5.15010000000000,18025.50555555,USD
743,2016-05-02,2016-05-05,rspp,1618,457,3.39450000000000,10859.00555555,USD
2AE,2016-05-02,2016-05-05,rspp,1618,754,3.43900000000000,18157.97888888,USD
95B,2016-05-02,2016-05-05,enta,1618,397,3.03720000000000,8446.51555555,USD
0AC,2016-05-02,2016-05-05,ngvc,1618,57,1.48560000000000,594.22222222,USD
B16,2016-05-02,2016-05-05,ngvc,1618,14,1.48110000000000,148.11111111,USD
672,2016-05-02,2016-05-05,qlys,1618,242,2.84500000000000,4836.44333333,USD
377,2016-05-02,2016-05-10,6050764,8924,271,61.71930000000000,117266.66666666,JPY
6B0,2016-05-02,2016-05-04,6896838,1620,924,13454.02710000000000,87047555.55555555,KRW
29E,2016-05-02,2016-05-04,6496755,1620,1146,4235.25390000000000,33996383.33333333,KRW
1FE,2016-05-02,2016-05-04,BSP5RP9,1620,24165,1140.34010000000000,192897650.66666666,KRW
9C3,2016-05-02,2016-05-04,6344456,1620,113,113171.15600000000000,89631555.55555555,KRW
AAB,2016-05-02,2016-05-04,B01VZN9,1620,10883,2660.73360000000000,202700005.44444444,KRW
1ED,2016-05-02,2016-05-04,6490928,1620,11242,5309.29390000000000,417820189.22222222,KRW
322,2016-05-02,2016-05-04,6180230,1620,1676,10552.47520000000000,123822744.33333333,KRW
A2F,2016-05-02,2016-05-04,B55SJJ5,1620,614,16332.85520000000000,70214944.44444444,KRW
880,2016-05-02,2016-05-04,6495730,1620,6327,6801.91630000000000,301277277.66666666,KRW
0EE,2016-05-02,2016-05-04,6155937,1620,1106,7852.34690000000000,60800722.22222222,KRW
601,2016-05-02,2016-05-04,B01T146,1620,3704,1450.59890000000000,37611127.66666666,KRW
F0F,2016-05-02,2016-05-04,6462972,1620,17565,1317.25350000000000,161969494.44444444,KRW
B51,2016-05-02,2016-05-04,BWFD052,guy1,10004,0.28560000000000,19999.58333333,NZD
7B2,2016-05-02,2016-05-04,6881436,guy1,14183,0.41000000000000,40707.67000000,NZD
E4B,2016-05-02,2016-05-04,BKX3XG2,guy1,7739,0.67890000000000,36778.12666666,NZD
C8D,2016-05-02,2016-05-10,6435145,afzf,957,317.14320000000000,2124859.33333333,JPY
01B,2016-05-02,2016-05-10,6490995,afzf,28,7204.44440000000000,1440888.88888888,JPY
3F6,2016-05-02,2016-05-10,6435145,afzf,271,315.82460000000000,600066.66666666,JPY
3E4,2016-05-02,2016-05-10,6470685,guq5,714,46.64440000000000,233222.22222222,JPY
6AB,2016-05-02,2016-05-10,6435145,guq5,157,317.03280000000000,348736.11111111,JPY
904,2016-05-02,2016-05-10,6563024,m6da,142,367.54440000000000,367544.44444444,JPY
11A,2016-05-02,2016-05-10,6572707,m6da,2057,104.30590000000000,1502005.55555555,JPY
7CD,2016-05-02,2016-05-10,6821506,m6da,485,294.73950000000000,1002114.44444444,JPY
9D4,2016-05-02,2016-05-10,6195803,m6da,1457,120.58220000000000,1229938.88888888,JPY
99D,2016-05-02,2016-05-10,6356934,m6da,100,1788.01590000000000,1251611.11111111,JPY
F64,2016-05-02,2016-05-10,6356945,m6da,1428,42.28670000000000,422866.66666666,JPY
678,2016-05-02,2016-05-10,6398088,m6da,3142,47.22530000000000,1038955.55555555,JPY
36B,2016-05-02,2016-05-10,6468282,m6da,1571,77.05990000000000,847658.88888888,JPY
B1F,2016-05-02,2016-05-10,6596785,m6da,1914,198.03470000000000,2653664.88888888,JPY
F8E,2016-05-02,2016-05-10,6596729,m6da,285,230.02780000000000,460055.55555555,JPY
7B6,2016-05-02,2016-05-10,6597067,m6da,3428,42.60830000000000,1022600.00000000,JPY
643,2016-05-02,2016-05-10,6598446,m6da,2400,51.52810000000000,865672.22222222,JPY
6BD,2016-05-02,2016-05-10,6642127,m6da,1571,53.59090000000000,589500.00000000,JPY
FAA,2016-05-02,2016-05-10,6641544,m6da,585,104.52300000000000,428544.33333333,JPY
FF4,2016-05-02,2016-05-10,6895448,m6da,1714,50.01940000000000,600233.33333333,JPY
104,2016-05-02,2016-05-10,6900643,m6da,700,604.53970000000000,2962244.33333333,JPY
046,2016-05-02,2016-05-10,B2Q4CL4,m6da,1542,126.23560000000000,1363344.44444444,JPY
927,2016-05-02,2016-05-10,6332439,m6da,71,3115.66670000000000,1557833.33333333,JPY
CB0,2016-05-02,2016-05-10,6335171,m6da,1542,56.17820000000000,606724.33333333,JPY
AF1,2016-05-02,2016-05-04,6144690,guy1,10911,2.32440000000000,177545.71555555,AUD
2C0,2016-05-02,2016-05-10,6429104,guy1,14285,54.16670000000000,5416666.66666666,JPY
296,2016-05-02,2016-05-10,6499260,guy1,1885,591.11110000000000,7802666.66666666,JPY
C25,2016-05-02,2016-05-10,6572707,guy1,2357,102.34440000000000,1688683.33333333,JPY
E34,2016-05-02,2016-05-10,6821506,guy1,857,296.27780000000000,1777666.66666666,JPY
F0E,2016-05-02,2016-05-04,B033YN6,guy1,3622,0.93670000000000,23749.18333333,AUD
875,2016-05-02,2016-05-04,B03FYZ4,guy1,4259,0.76560000000000,22823.50777777,AUD
018,2016-05-02,2016-05-04,B0CRCP7,guy1,8155,0.41890000000000,23913.94777777,AUD
071,2016-05-02,2016-05-04,6715740,guy1,7814,1.23110000000000,67341.77777777,AUD
DE4,2016-05-02,2016-05-04,6776703,guy1,8852,0.52440000000000,32499.29777777,AUD
C6F,2016-05-02,2016-05-04,6948836,guy1,2347,4.77330000000000,78444.96000000,AUD
C36,2016-05-02,2016-05-04,6981239,guy1,5170,2.47220000000000,89477.13888888,AUD
62C,2016-05-02,2016-05-10,6356934,guy1,500,1782.77780000000000,6239722.22222222,JPY
1E4,2016-05-02,2016-05-10,6456102,guy1,2400,147.22220000000000,2473333.33333333,JPY
EBE,2016-05-02,2016-05-10,6610403,guy1,171,1426.11110000000000,1711333.33333333,JPY
E0C,2016-05-02,2016-05-10,6639550,guy1,142,1659.44440000000000,1659444.44444444,JPY
25B,2016-05-02,2016-05-10,6900643,guy1,842,604.66670000000000,3567533.33333333,JPY
0A5,2016-05-02,2016-05-04,6185495,guy1,584,11.77780000000000,48182.88888888,AUD
02F,2016-05-02,2016-05-04,6710347,guy1,19656,0.35890000000000,49381.67555555,AUD
14D,2016-05-02,2016-05-04,6091280,guy1,3141,1.01000000000000,22206.87000000,AUD
2E2,2016-05-02,2016-05-10,6390921,guy1,1014,439.44440000000000,3120055.55555555,JPY
63F,2016-05-02,2016-05-04,B28YTC2,guy1,829,6.94110000000000,40307.03222222,AUD
B80,2016-05-02,2016-05-04,6505316,guq5,698,3460.33330000000000,16907188.66666666,KRW
E34,2016-05-02,2016-05-04,B0C5YV1,che8,77,11111.11110000000000,5988888.88888888,KRW
DCD,2016-05-02,2016-05-04,B037HF1,jydp,7108,15.10110000000000,751387.09111111,INR
05F,2016-05-02,2016-05-04,6440020,jydp,103,32563.33800000000000,23478166.66666666,KRW
07F,2016-05-02,2016-05-04,6321051,jydp,1244,1327.02630000000000,11557072.22222222,KRW
CD1,2016-05-02,2016-05-09,6042954,che8,7700,124.63200000000000,6717666.55555555,IDR
410,2016-05-02,2016-05-05,6563648,1620,597428,0.40390000000000,1689156.26666666,PHP
78E,2016-05-02,2016-05-09,BD4T6W7,1620,604000,384.96130000000000,1627616235.44444444,IDR
CD8,2016-05-02,2016-05-09,6687184,1620,29671,4761.18290000000000,988897683.66666666,IDR
765,2016-05-02,2016-05-05,6873637,6qh3,3102,1544.55780000000000,33547794.93333333,TZS
826,2016-05-02,2016-05-05,BGQYBX7,1620,3392,1.36820000000000,32489.80444444,PLN
D2A,2016-05-02,2016-05-05,B5P7L41,1620,62114,0.32670000000000,142059.14888888,PLN
B22,2016-05-02,2016-05-04,B03MS97,1620,140812,0.51810000000000,510650.02444444,TRY
B21,2016-05-02,2016-05-04,B03MYT9,1620,14895,8.17270000000000,852131.26222222,TRY
9B1,2016-05-02,2016-05-04,B586565,1620,518270,0.32680000000000,1185475.48333333,TRY
E9A,2016-05-02,2016-05-05,5705946,guy1,4202,0.48580000000000,14290.61111111,EUR
275,2016-05-02,2016-05-04,BRJL176,guy1,2078,1.83670000000000,26716.15333333,CHF
ACE,2016-05-02,2016-05-05,5732524,guy1,6139,1.05640000000000,45402.81333333,EUR
35C,2016-05-02,2016-05-04,BYT9340,guy1,626,3.55740000000000,15606.26555555,EUR
7F4,2016-05-02,2016-05-04,B06YV46,guy1,1509,3.12220000000000,32980.03333333,EUR
956,2016-05-02,2016-05-04,7123870,guy1,1452,7.97780000000000,81118.04444444,CHF
9AD,2016-05-02,2016-05-04,7171589,guy1,7517,1.61440000000000,84952.06666666,CHF
98B,2016-05-02,2016-05-04,4768962,guy1,3348,1.42170000000000,33322.44555555,EUR
B92,2016-05-02,2016-05-04,5750355,guy1,1477,1.78110000000000,18414.90777777,EUR
9C6,2016-05-02,2016-05-04,5497102,guy1,236,15.25560000000000,25263.20000000,EUR
BC4,2016-05-02,2016-05-04,4942904,guy1,5679,0.99600000000000,39597.97222222,EUR
780,2016-05-02,2016-05-04,5902941,guy1,6701,0.57500000000000,26971.52555555,EUR
B23,2016-05-02,2016-05-04,4253048,guy1,47,991.11110000000000,329048.88888888,DKK
291,2016-05-02,2016-05-04,B39VJC9,guy1,835,4.15780000000000,24318.84222222,CHF
28B,2016-05-02,2016-05-04,7103065,guy1,1012,8.13890000000000,57688.44444444,CHF
6B5,2016-05-02,2016-05-04,B5W3ND5,guy1,8016,1.16530000000000,65385.98444444,CHF
DC7,2016-05-02,2016-05-04,5497168,guy1,391,14.07220000000000,38557.88888888,EUR
EA3,2016-05-02,2016-05-05,ubsh,gukx,381,2.94010000000000,7858.76888888,USD
BCF,2016-05-02,2016-05-05,ueic,29nz,30,7.38950000000000,1581.34777777,USD
244,2016-05-02,2016-05-05,mycc,rulf,979,1.49080000000000,10217.79111111,USD
AAB,2016-05-02,2016-05-05,ccs,rulf,42,1.92740000000000,578.22333333,USD
AD9,2016-05-02,2016-05-05,ueic,rulf,42,7.38930000000000,2209.40444444,USD
E0B,2016-05-02,2016-05-05,nls,rulf,226,1.96210000000000,3115.83222222,USD
7DA,2016-05-02,2016-05-05,lmat,rulf,376,1.83740000000000,4847.12000000,USD
36C,2016-05-02,2016-05-05,ueic,gucx,81,7.38830000000000,4226.08222222,USD
5CF,2016-05-02,2016-05-05,ctt,gucx,36,1.18870000000000,299.54444444,USD
828,2016-05-02,2016-05-05,mycc,gucx,1130,1.49090000000000,11793.28222222,USD
193,2016-05-02,2016-05-05,usap,gucx,113,1.45170000000000,1149.72000000,USD
586,2016-05-02,2016-05-05,tess,gucx,127,1.82360000000000,1626.64111111,USD
0D4,2016-05-02,2016-05-05,22576C101,2273,635,2.31820000000000,10313.47444444,CAD
451,2016-05-02,2016-05-05,B3ZCNF7,2273,847,4.77870000000000,28356.93777777,BRL
7CD,2016-05-02,2016-05-04,135087B86,afzf,571428,11.44260000000000,457702.22222222,CAD
6BC,2016-05-02,2016-05-05,lci,2273,597,2.04210000000000,8535.79222222,USD
41E,2016-05-02,2016-05-05,dst,2273,116,13.47930000000000,10999.08111111,USD
86D,2016-05-02,2016-05-05,hp,2273,212,7.01920000000000,10423.57777777,USD
69C,2016-05-02,2016-05-05,jbl,2273,743,1.91840000000000,9987.42222222,USD
893,2016-05-02,2016-05-05,amzn,2273,15,75.88010000000000,8422.69444444,USD
25F,2016-05-02,2016-05-05,vac,2273,260,6.86000000000000,12526.36000000,USD
B67,2016-05-02,2016-05-05,msft,2273,208,5.61050000000000,8196.98888888,USD
6FD,2016-05-02,2016-05-05,beav,2273,214,5.44610000000000,8158.27444444,USD
C45,2016-05-02,2016-05-05,csra,2273,626,2.88030000000000,12636.02222222,USD
135,2016-05-02,2016-05-05,mdt,2273,131,8.80460000000000,8100.25222222,USD
B33,2016-05-02,2016-05-05,antm,2273,74,15.55190000000000,8055.89000000,USD
625,2016-05-02,2016-05-05,cnc,2273,281,6.90520000000000,13582.44111111,USD
961,2016-05-02,2016-05-05,bg,2273,166,6.94530000000000,8098.20666666,USD
D7F,2016-05-02,2016-05-05,so,2273,207,5.62120000000000,8173.16000000,USD
029,2016-05-02,2016-05-05,ci,2273,75,15.33460000000000,8050.66555555,USD
08E,2016-05-02,2016-05-05,hon,2273,91,12.73810000000000,8114.17000000,USD
13C,2016-05-02,2016-05-05,twtr,2273,542,1.58500000000000,6013.44777777,USD
464,2016-05-02,2016-05-05,slm,2273,7946,0.75460000000000,41971.12555555,USD
E68,2016-05-02,2016-05-05,2043423,1620,17760,3.61660000000000,449617.09333333,MXN
E33,2016-05-02,2016-05-05,cx,jy67,38334,0.82820000000000,222232.39666666,USD
DF9,2016-05-02,2016-05-05,pbr,jy67,31488,0.84070000000000,185308.70222222,USD
5BF,2016-05-02,2016-05-05,ctrp,jy67,1179,4.95500000000000,40923.43666666,USD
61E,2016-05-02,2016-05-05,qlys,1618,520,2.87740000000000,10482.49000000,USD
2DD,2016-05-02,2016-05-05,zg,1618,1349,2.75570000000000,26033.30777777,USD
442,2016-05-02,2016-05-05,zg,1618,1197,2.81570000000000,23604.01333333,USD
0F2,2016-05-02,2016-05-05,hxl,1618,676,4.98660000000000,23626.61555555,USD
0E1,2016-05-02,2016-05-05,tumi,1618,4405,2.97830000000000,91846.18555555,USD
167,2016-05-02,2016-05-05,tumi,1618,85,2.99390000000000,1796.33333333,USD
564,2016-05-02,2016-05-05,sf,1618,85,3.66810000000000,2200.88666666,USD
61D,2016-05-02,2016-05-05,sf,1618,687,3.66100000000000,17620.60666666,USD
C92,2016-05-02,2016-05-05,gco,1618,42,7.71690000000000,2315.05666666,USD
305,2016-05-02,2016-05-05,airm,1618,71,4.06390000000000,2031.94444444,USD
D5D,2016-05-02,2016-05-05,airm,1618,100,4.09020000000000,2863.10888888,USD
1F0,2016-05-02,2016-05-05,impv,1618,415,5.19600000000000,15120.45666666,USD
AB7,2016-05-02,2016-05-05,impv,1618,342,5.26410000000000,12633.89333333,USD
7F3,2016-05-02,2016-05-05,bfam,1618,552,7.34640000000000,28401.14000000,USD
6AD,2016-05-02,2016-05-05,gwre,1618,575,6.30790000000000,25402.00333333,USD
692,2016-05-02,2016-05-05,gwre,1618,242,6.34870000000000,10792.77111111,USD
E2F,2016-05-02,2016-05-05,hmsy,1618,1557,1.81120000000000,19742.44333333,USD
371,2016-05-02,2016-05-05,hmsy,1618,657,1.82010000000000,8376.10000000,USD
D22,2016-05-02,2016-05-05,sgry,1618,14,1.79670000000000,179.66666666,USD
EB8,2016-05-02,2016-05-05,sgry,1618,91,1.81670000000000,1162.70888888,USD
040,2016-05-02,2016-05-05,eqy,1618,1100,3.20490000000000,24677.47333333,USD
9DF,2016-05-02,2016-05-05,eqy,1618,1146,3.21600000000000,25815.10000000,USD
B9E,2016-05-02,2016-05-05,umbf,1618,900,6.22370000000000,39234.34444444,USD
86A,2016-05-02,2016-05-05,lstr,1618,200,7.31730000000000,10244.17333333,USD
567,2016-05-02,2016-05-05,lstr,1618,269,7.33610000000000,13843.13666666,USD
9E3,2016-05-02,2016-05-05,ptc,1618,2643,4.04810000000000,74914.13888888,USD
CD7,2016-05-02,2016-05-05,ptc,1618,2518,4.10360000000000,72345.88000000,USD
188,2016-05-02,2016-05-05,cohr,1618,2200,10.11070000000000,155734.42777777,USD
406,2016-05-02,2016-05-05,cohr,1618,285,10.08530000000000,20170.55555555,USD
B32,2016-05-02,2016-05-05,cohr,1618,258,10.06160000000000,18221.51777777,USD
D13,2016-05-02,2016-05-05,shoo,1618,314,3.88820000000000,8554.06444444,USD
669,2016-05-02,2016-05-05,shoo,1618,358,3.89300000000000,9775.21111111,USD
403,2016-05-02,2016-05-05,logm,1618,1798,6.62000000000000,83326.22000000,USD
59B,2016-05-02,2016-05-05,pool,1618,1282,9.73600000000000,87380.99888888,USD
A8C,2016-05-02,2016-05-05,pool,1618,258,9.83880000000000,17798.32888888,USD
9F0,2016-05-02,2016-05-05,kwr,1618,771,9.77810000000000,52801.56000000,USD
B4D,2016-05-02,2016-05-05,hw,1618,201,2.17560000000000,3067.53333333,USD
76A,2016-05-02,2016-05-05,hw,1618,571,2.17630000000000,8705.37777777,USD
78B,2016-05-02,2016-05-05,csod,1618,574,3.80120000000000,15280.82444444,USD
753,2016-05-02,2016-05-05,csod,1618,100,3.79110000000000,2653.77777777,USD
1FD,2016-05-02,2016-05-05,veco,1618,1224,2.05250000000000,17588.15777777,USD
198,2016-05-02,2016-05-05,veco,1618,28,2.03330000000000,406.66666666,USD
316,2016-05-02,2016-05-05,wbc,1618,1060,12.44740000000000,92434.47444444,USD
5D9,2016-05-02,2016-05-05,wbc,1618,28,12.52330000000000,2504.66666666,USD
9F0,2016-05-02,2016-05-05,esgr,1618,14,17.86330000000000,1786.33333333,USD
1CB,2016-05-02,2016-05-05,evri,1618,3292,0.18930000000000,4363.10888888,USD
756,2016-05-02,2016-05-05,acor,1618,1683,2.90010000000000,34165.68555555,USD
F6E,2016-05-02,2016-05-05,acor,1618,2093,2.94460000000000,43150.82000000,USD
A04,2016-05-02,2016-05-05,cavm,1618,4924,5.45610000000000,188073.29888888,USD
72F,2016-05-02,2016-05-05,cavm,1618,1017,5.53920000000000,39438.78777777,USD
C94,2016-05-02,2016-05-05,cgnx,1618,271,3.92180000000000,7451.33555555,USD
BB2,2016-05-02,2016-05-05,cgnx,1618,404,3.92860000000000,11125.70111111,USD
D39,2016-05-02,2016-05-05,pgti,1618,3862,1.16860000000000,31594.83777777,USD
4A5,2016-05-02,2016-05-05,pgti,1618,116,1.16000000000000,948.88000000,USD
4AE,2016-05-02,2016-05-05,pcty,1618,14,4.25890000000000,425.88888888,USD
6AA,2016-05-02,2016-05-05,pcty,1618,274,4.23340000000000,8123.83111111,USD
DE1,2016-05-02,2016-05-05,pcty,1618,340,4.24900000000000,10112.72555555,USD
2DC,2016-05-02,2016-05-05,vsi,1618,775,3.12630000000000,16972.62222222,USD
280,2016-05-02,2016-05-05,vsi,1618,314,3.15190000000000,6934.27777777,USD
438,2016-05-02,2016-05-05,srg,1618,385,6.04820000000000,16330.11000000,USD
A62,2016-05-02,2016-05-05,srg,1618,560,6.07200000000000,23802.19666666,USD
946,2016-05-02,2016-05-05,penn,1618,4246,1.81220000000000,53864.51222222,USD
0C4,2016-05-02,2016-05-05,penn,1618,482,1.81410000000000,6129.84444444,USD
AE3,2016-05-02,2016-05-05,penn,1618,503,1.81750000000000,6410.16555555,USD
1DD,2016-05-02,2016-05-05,azpn,1618,1171,4.26070000000000,34929.49222222,USD
E41,2016-05-02,2016-05-05,azpn,1618,449,4.30110000000000,13539.79333333,USD
64F,2016-05-02,2016-05-05,aimt,1618,797,1.45030000000000,8099.92555555,USD
668,2016-05-02,2016-05-05,fig,1618,114,0.55130000000000,441.05777777,USD
7AB,2016-05-02,2016-05-05,fig,1618,328,0.54950000000000,1263.77333333,USD
236,2016-05-02,2016-05-05,akba,1618,11508,1.04430000000000,84126.86888888,USD
455,2016-05-02,2016-05-05,manh,1618,500,6.79020000000000,23765.77777777,USD
43D,2016-05-02,2016-05-05,manh,1618,242,6.80960000000000,11576.28222222,USD
9C4,2016-05-02,2016-05-05,aldr,1618,664,2.88540000000000,13428.44444444,USD
0AE,2016-05-02,2016-05-05,aldr,1618,1092,2.95950000000000,22622.33333333,USD
193,2016-05-02,2016-05-05,gtls,1618,1622,2.88340000000000,32738.25000000,USD
A5C,2016-05-02,2016-05-05,gtls,1618,244,2.90420000000000,4969.10555555,USD
616,2016-05-02,2016-05-05,apog,1618,893,4.58900000000000,28695.22555555,USD
106,2016-05-02,2016-05-05,apog,1618,42,4.61280000000000,1383.83333333,USD
CBA,2016-05-02,2016-05-05,ste,1618,911,7.84550000000000,50038.45777777,USD
26F,2016-05-02,2016-05-05,ste,1618,328,7.85620000000000,18069.23444444,USD
7A7,2016-05-02,2016-05-05,prah,1618,28,5.33670000000000,1067.33333333,USD
2C5,2016-05-02,2016-05-05,prah,1618,630,5.40910000000000,23870.55444444,USD
B2D,2016-05-02,2016-05-05,dlth,1618,57,2.68440000000000,1073.77777777,USD
F31,2016-05-02,2016-05-05,dlth,1618,57,2.61110000000000,1044.44444444,USD
F6A,2016-05-02,2016-05-05,abco,1618,855,3.49030000000000,20910.32111111,USD
2D6,2016-05-02,2016-05-05,abco,1618,624,3.51490000000000,15366.94888888,USD
88B,2016-05-02,2016-05-05,epi,1620,68979,2.17160000000000,1048589.37777777,USD
9B5,2016-05-02,2016-05-05,B17MHG0,1620,11957,1.61020000000000,134772.81000000,BRL
7FF,2016-05-02,2016-05-04,2311238,1620,24519,42.56120000000000,7304985.88888888,CLP
F09,2016-05-02,2016-05-05,2448200,1620,4026,29.99070000000000,845348.80000000,MXN
A4E,2016-05-02,2016-05-05,B1V74X7,jx7p,18511,0.97340000000000,126139.43777777,BRL
7B8,2016-05-02,2016-05-05,B04M7D3,jx7p,5145,3.36080000000000,121045.13333333,BRL
BDB,2016-05-02,2016-05-05,2043423,1620,56015,3.61820000000000,1418736.02000000,MXN
F38,2016-05-02,2016-05-05,BHWQZW1,1620,62571,3.81780000000000,1672191.53333333,MXN
C1A,2016-05-02,2016-05-05,B0498T7,1620,27142,3.08890000000000,586888.88888888,BRL
3B1,2016-05-02,2016-05-05,rdy,1620,4109,4.98660000000000,143439.54888888,USD
999,2016-05-02,2016-05-05,ttm,1620,11825,3.38930000000000,280551.14666666,USD
8D2,2016-05-02,2016-05-05,ibn,1620,51465,0.75260000000000,271136.43111111,USD
19D,2016-05-02,2016-05-05,fmx,1620,1890,10.25780000000000,135751.57777777,USD
1ED,2016-05-02,2016-05-05,inda,1620,15164,3.00800000000000,319298.02111111,USD
ED5,2016-05-02,2016-05-05,B0774N4,1620,5757,2.74780000000000,110737.68333333,BRL
67F,2016-05-02,2016-05-05,2328595,1620,80428,2.42010000000000,1362497.53333333,BRL
F6A,2016-05-02,2016-05-05,B1YBRG0,1620,80757,0.74090000000000,418855.89444444,BRL
E0C,2016-05-02,2016-05-05,B0498T7,1620,5828,3.09080000000000,126104.64000000,BRL
49B,2016-05-02,2016-05-05,2458771,1620,41085,0.86520000000000,248828.32444444,BRL
D55,2016-05-02,2016-05-05,BHWQZW1,1620,13834,3.82700000000000,370599.02555555,MXN
ECE,2016-05-02,2016-05-05,BW1YVH8,1620,179547,4.69990000000000,5907026.61111111,MXN
398,2016-05-02,2016-05-05,286181201,guy1,2074,1.56670000000000,22749.56666666,CAD
B52,2016-05-02,2016-05-05,318071404,guy1,1859,2.48890000000000,32387.91111111,CAD
559,2016-05-02,2016-05-05,292505104,guy1,6532,1.03330000000000,47251.23333333,CAD
A92,2016-05-02,2016-05-05,335934105,guy1,13232,1.18220000000000,109509.24444444,CAD
6AC,2016-05-02,2016-05-05,tel,guy1,358,6.64440000000000,16670.91111111,USD
971,2016-05-02,2016-05-05,09228F103,guy1,2730,0.98220000000000,18776.16000000,CAD
0E6,2016-05-02,2016-05-05,56501R106,guy1,12759,2.04110000000000,182299.79777777,CAD
BA6,2016-05-02,2016-05-05,sbs,jx7p,8676,0.83160000000000,50503.53888888,USD
